Category,Sub-Category
Food,Gourmet Snacks
Food,Cooking Oils
Accessories,Kids' Bags
Food,Fresh Cut Vegetables
Food,Pasta Sauces
Food,Processed Meats
Home,Home Organization
Food,Fresh Fruits
Food,Mixes
Food,Dressing
Food,Grains
Food,Flavored Quinoa
Food,Frozen Pizza Crusts
Health,Safety & Protection
Food,Healthy Snacks
Home,Cooling Appliances
Food,Frozen Fruits
Food,Frozen Appetizers
Health,Oral Care & Hygiene
Food,International Cuisine
Food,Dips and Spreads
Food,Breads
Home,Decorative Wall Art & Accessories
Outdoor,Camping Equipment
Grooming,Grooming
Clothing,Women's Footwear
Food,Salsas
Travel,Travel Accessories
Food,Condiments
Food,Ready-to-Eat Meals
Food,Salsas and Dips
Food,Vegetarian Meals
Toys,Pretend Play Toys
Food,Canned Fruits
Health,Emergency Preparedness & First Aid
Food,Sauces
Outdoor,Outdoor Furniture
Food,Flours & Meals
Food,Savory Snacks
Home,Bedding & Linens
Health,Sleep & Relaxation
Food,Yogurt
Clothing,Jumpsuits
Automotive,Automotive Tools
Health,Aromatherapy & Wellness
Home,Lighting & Lamps
Health,Massage Therapy
Kitchen,Small Appliances
Food,Herbs and Spices
Food,Prepared Poultry
Food,Fruit Spreads
Food,Supplements
Food,Granola
Food,Baking Ingredients
Beauty,Bath & Body
Home,Home Fragrance & Accessories
Food,Pork
Food,Frozen Vegetables
Clothing,Casual Dresses
Food,Frozen Snacks
Food,Mediterranean Dips
Food,Marinated Poultry
Food,Tea
Office,Office Accessories
Food,Pickles
Fitness,Yoga Equipment
Fitness,Hydration Gear
Food,Dips & Spreads
Food,Instant Breakfast
Safety,Hearing Protection
Kitchen,Coffee Accessories
Food,Fresh Vegetables
Outdoor,Grilling Accessories
Food,Pasta
Toys,Educational Toys
Food,Asian Sauces
Outdoor,Outdoor Accessories
Food,Herb Blends
Accessories,Eco-Friendly Accessories
Food,Cookies & Biscuits
Food,Health Drinks
Food,Vegetable Purees
Food,Instant Soups
Food,Granola/Cereal
Food,Canned Soups
Outdoor,Outdoor Recreation
Health,Health Devices
Food,Prepared Vegetables
Books,Journals
Food,Chocolate Bars
Home,Kitchen Accessories
Food,Juice
Accessories,Wallets
Food,Granola and Muesli
Clothing,Hoodies
Food,Oils
Automotive,Safety and Emergency Supplies
Food,Tea & Coffee Mixes
Health,Pain Relief
Food,Dried Fruits
Audio,Wireless Audio Accessories
Fitness,Strength Training Equipment
Kitchen,Food Preparation Tools
Food,Sparkling Beverages
Food,Drink Mixes
Garden,Planters
Home,Wall Art
Food,Cookies
Food,Marinades
Clothing,Sweaters
Pets,Grooming Supplies
Accessories,Mobile Accessories
Gaming,Gaming Accessories
Clothing,Evening Wear
Kitchen,Cooking Appliances
Food,Beverages
Food,Hot Sauces
Food,Savory Nuts
Food,Whole Grains
Automotive,Automotive Accessories
Kitchen,Kitchen Gadgets
Kitchen,Cooking Tools & Utensils
Health,Personal Care & Grooming
Food,Canned Legumes
Food,Noodles
Food,Kits - Sushi
Toys,Outdoor Activity Toys
Clothing,Scarves
Toys,Board Games
Home,Floor Care Appliances
Food,Sweet Snacks
Food,Salt & Seasoning
Food,Frozen Vegan Meals
Food,Plant-Based Condiments
Office,Furniture
Home,Home Appliances
Electronics,Computer Accessories
Food,Frozen Desserts
Food,Ready-to-Eat Salads
Food,Healthy Salads
Food,Gluten-Free Baked Goods
Food,Poultry
Crafts,Candle & Soap Making Supplies
Food,Frozen Pasta Dishes
Food,Granola & Muesli
Food,Salad Kits
Office,Lighting
Garden,Gardening Tools
Clothing,Athletic Footwear
Electronics,Cameras & Photography
Food,Dairy Alternatives
Food,Cuisine - Italian
Clothing,Dress Shirts
Fitness,Fitness Equipment
Food,Frozen Meals
Food,Pasta & Rice Mixes
Food,Desserts
Safety,Self-Defense Tools
Food,Nuts and Trail Mix
Kitchen,Beverage Appliances
Food,Syrups
Food,Flavored Yogurt
Clothing,Coats
Food,Frozen Entrees
Outdoor,Fishing Equipment
Kitchen,Barware
Food,Dips/Spreads
Food,Baking Mixes
Office,Office Supplies
Food,Canned Vegetables
Food,Nuts and Seeds
Home,Robotic Cleaners
Food,Marinades and Sauces
Food,Prepared Meals
Garden,Garden Tools
Food,Healthy Breakfast Options
Food,Ice Cream Flavors
Food,Herbal Tea
Food,Rubs and Seasonings
Food,Frozen Smoothies
Travel,Comfort Accessories
Food,Pastry Products
Clothing,Tanks & Sleeveless Tops
Food,Vegetable Dishes
Clothing,Boots
Garden,Houseplants
Pets,Dog Accessories
Food,Spicy Dips
Garden,Gardening Accessories
Food,Garlic-Based Sauces
Kitchen,Coffee Equipment
Electronics,Wireless Video Transmission
Clothing,Skirts
Food,Dried Spices
Home,Home Decor
Food,Cuisine - Asian
Kitchen,Food Storage Solutions
Fitness,Cardio Equipment
Food,Chewy Candies
Food,Plant-Based Sauces
Food,Canned Seafood
Food,Prepared Fruit
Clothing,Women's Tops
Automotive,Car Interior Accessories
Food,Salads
Food,Rice Dishes
Food,Croutons
Outdoor,Garden Supplies
Food,Rice
Food,Plant-Based Proteins
Clothing,Activewear
Health,Injury Prevention & Recovery
Beauty,Nail Care
Storage,Storage Devices
Food,Ice Cream
Home,Seasonal Home Decor
Food,Plant-Based Beverages
Music,Accessories
Audio,Headphones & Earbuds
Food,Flavored Rice Dishes
Food,Artisan Bread
Home,Smart Home & Security
Accessories,Wine Accessories
Pets,Pet Supplies
Toys,Outdoor Play Toys
Food,BBQ Sauces
Food,Noodle Salads
Tools,Workbenches
Food,Couscous
Sports,Snow Sports
Accessories,Laptop Accessories
Food,Plant-Based Yogurt
Food,Soups
Electronics,Camera Accessories
Food,Potatoes
Food,Fruit Sauces
Accessories,Custom Accessories
Clothing,Leggings
Kitchen,Blenders & Juicers
Clothing,Jackets
Food,Soups & Broths
Kitchen,Baking Accessories
Food,Salsas & Dips
Beauty,Hair Care Tools
Travel,Luggage and Bags
Clothing,Activewear Jackets
Clothing,Work Pants
Food,Nuts
Food,Protein Snacks
Food,Meat Alternatives
Automotive,Car Cleaning
Garden,Indoor Gardening Kits
Art,Tattoo Supplies
Food,Natural Sweeteners
Food,Chocolate Desserts
Clothing,Headwear
Food,Olive Products
Food,Vegetables
Toys,Creative Arts & Crafts
Food,Nut Butters
Audio,Audio Accessories
Food,Nut-Based Snacks
Food,Tortilla Chips
Food,Baking Kits
Smart,Home Automation
Outdoor,Hiking Accessories
Fitness,Wearable Technology
Food,Vegetarian Salads
Food,Sauces & Condiments
Fitness,Fitness Accessories
Office,Writing Instruments
Food,Frozen Asian Meals
Art,Painting Supplies
Electronics,Home Entertainment Equipment
Art,Sculpting Supplies
Kitchen,Kitchen Storage & Organization
Clothing,Sustainable Fashion
Toys,Remote Control Drones
Garden,Indoor Gardening Supplies
Food,Dressings
Music,Audio Equipment
Food,Smoothies
Food,Red Meat
Food,Jerky
Bicycles,Bicycles
Garden,Garden Decor
Home,Outdoor Cleaning
Toys,Puzzles
Food,Specialty Cheeses
Kitchen,Cookware
Food,Gourmet Ice Cream
Food,Snacks
Pets,Pet Accessories
Food,Prepared Seafood
Food,Natural Sauces
Outdoor,Bird Feeding Accessories
Health,Fitness & Nutrition
Art,Digital Art Supplies
Food,Dairy Desserts
Food,Specialty Pasta
Toys,STEM Learning Toys
Clothing,Sports Apparel
Food,Legumes
Food,Muffins
Food,Chili
Food,Pasta Alternatives
Office,Sustainable Stationery
Food,Dairy Spreads
Electronics,Cables & Accessories
Food,Pancakes & Waffles
Food,Superfoods
Accessories,Tech Accessories
Food,Italian Sauces
Food,Gourmet Salads
Safety,Personal Protective Equipment (PPE) & Disaster Preparedness
Food,Seasoning Blends
Food,Frozen Dinner Kits
Clothing,T-shirts
Food,Salsa/Dips
Food,Plant-Based Seasonings
Food,Herbal Beverages
Clothing,Loungewear
Food,Vegetarian Soups
Food,Frozen Baked Goods
Food,Convenience Meal Kits
Clothing,Bags
Food,Smoked Seafood
Toys,Creative Toys
Electronics,Tablets for Kids
Furniture,Seating
Clothing,Trousers
Food,Fruits
Clothing,Outerwear
Food,Bread & Rolls
Food,Mexican Cuisine Meal Kits
Food,Prepared Salads
Clothing,Casual Shirts
Music,Instruments
Electronics,Solar Power Accessories
Art,Craft Kits
Food,Breakfast Cereals
Food,Dips
Food,Pies and Tarts
Photography,Digital Cameras
Clothing,Outdoor Apparel
Food,Eggs
Home,Dishwashers
Garden,Garden Technology
Food,Frozen Pizza
Clothing,Running Shorts
Electronics,Drones & Accessories
Food,Vegetable Sides
Automotive,Phone Accessories
Smart,Home Accessories
Audio,Portable Speakers
Smart,Smart Home Accessories
Food,Natural Beverages
Bathroom,Shower Fixtures
Food,Deli Meats
Food,Fresh Cut Fruits
Home,Air Quality & Purification
Food,Italian Cuisine
Electronics,Networking Equipment
Food,Gourmet Rice
Food,Creamy Soups
Clothing,Handbags
Kitchen,Cutlery
Health,Nutrition & Fitness
Accessories,Power Accessories
Food,Sushi
Food,Chips and Crisps
Accessories,Jewelry Storage
Food,Infused Oils
Food,Meat Products
Pets,Training Supplies
Beauty,Mirrors
Food,Pre-Packaged Produce Kits
Food,Specialty Soups
Toys,Building Toys
Food,Root Vegetables
Food,International Sauces
Food,Savory Breakfast Options
Clothing,Knitwear
Kitchen,Drinkware
Food,Vegetable Snacks
Food,Fresh Mushrooms
Home,Home Furnishings
Food,Vinegars
Clothing,Casual Footwear
Fitness,Health & Wellness Tools
Food,Seafood
Food,Coffee
Smart,Home Security
Food,Casseroles
Pets,Cat Furniture
Photography,Lighting Equipment
Fitness,Health Monitoring Devices
Footwear,Outdoor Footwear
Food,Household Supplies
Food,Asian Condiments
Baby,Feeding Accessories
Food,Pastries
Smart,Smart Plugs & Outlets
Books,Children's Educational Books
Food,Marinated Meats
Furniture,Office Furniture
Food,Fruity Frozen Desserts
Tools,Hand Tools
Clothing,Sleepwear
Art,Painting Kits
Food,Cheese Spreads
Kitchen,Sustainable Tableware
Food,Protein Supplements
Outdoor,Cycling Accessories
Food,Grain Blends
Food,Wraps & Sandwiches
Fitness,Recovery Tools
Home,Eco-Friendly Home Products
Clothing,Fitness Apparel
Food,Vegetable Mixes
Art,Storage & Organization
Electronics,Portable Audio & Video Equipment
Audio,Sleep Aids
Accessories,Watches
Toys,Art Supplies
Food,Guacamole
Pets,Pet Safety Gear
Clothing,Outerwear - Faux Fur
Health,Wellness & Relaxation
Food,Asian Desserts
Food,Vegetarian Meal Kits
Kitchen,Dinnerware
Audio,Earbuds
Food,Marinated Seafood
Computers,Input Devices
Pets,Pet Feeding Supplies
Food,Frozen Veggie Snacks
Electronics,Audio & Video Accessories
Kitchen,Cutting Boards & Utensils
Food,Plant-Based Meals
Food,Frozen Vegetarian Meals
Bathroom,Shower Accessories
Apps,Productivity
Art,Markers & Pens
Food,Herb-Based Sauces
Kitchen,Cooking Accessories
Health,Medical Devices
Tools,Power Tools
Food,Wraps/Rolls
Crafts,DIY Crafts
Food,Wraps and Flatbreads
Photography,Smartphone Accessories
Food,Pesto
Kitchen,Ice Cube Trays
Food,Frozen Chicken Meals
Food,Meal Kits
Photography,Tripods & Accessories
Food,Coffee Creamers
Food,Fermented Condiments
Food,Gluten-Free Treats
Fitness,Sustainable Fitness Equipment
Toys,Robotics Toys
Home,Cameras
Sports,Team Sports
Food,Flatbreads
Outdoor,Grills and Smokers
Food,Mustards
Food,Frozen Meal Kits
Fitness,Racquet Sports Equipment
Food,Healthy Desserts
Food,Spreads
Food,Mixed Vegetables
Kitchen,Eco-Friendly Kitchen Products
Food,Japanese Cooking Kits
Clothing,Casual Pants
Food,Canned Vegetarian Meals
Wearable,Smartwatches
Food,Dessert Toppings
Home,Wine Storage Solutions
Smart,Home Automation Accessories
Food,Citrus Seasonings
Food,Leafy Greens
Wearable,Fitness Monitors
Food,Barbecue & Grilled Meats
Food,Berries
Health,Pain Relief & Therapy
Food,Seasoned Grains
Toys,Musical Toys
Food,Sweeteners
Food,Spicy Sauces
Beauty,Makeup
Food,Specialty Rice
Food,Instant Meals
Toys,Eco-Friendly Toys
Electronics,Portable Power Solutions
Clothing,Footwear - Boots
Food,Grass-Fed Meat Products
Toys,Jigsaw Puzzles
Books,Calendars
Food,Cereals
Food,Dry Sauces
Food,Italian Cuisine Meal Kits
Audio,Headphones
Toys,Game Accessories
Food,Meat Snacks
Photography,Gimbals & Stabilizers
Food,Grain Salads
Food,Coconut Products
Food,Frozen Grain Bowls
Food,Gluten-Free Desserts
Food,Apples
Office,Printers & Scanners
Home,Heating Appliances
Books,Cookbooks & Nutrition
Fitness,Nutritional Supplements
Food,Frozen Seafood
Food,Plant-Based Meats
Food,Fruits & Vegetables
Home,Cleaning Appliances
Food,Vegan Baked Goods
Garden,Gardening Kits
Food,Plant-Based Cheese
Food,Seasonal Items
Clothing,Graphic Tees
Pets,Pet Health and Care
Pets,Pet Waste Management
Food,Seafood Imitations
Food,Olives
Food,Pancake and Waffle Mixes
Food,Ethnic Sauces
Home,Smart Security
Food,Herbal Butters
Accessories,Weather Accessories
Food,Regional Seasoning Blends
Food,Flavored Couscous
Food,Herbs & Spices
Food,Frozen Fruit Smoothies
Pets,Dog Toys
Home,Refrigerators
Food,Seasonings & Mixes
Food, smoothies
Food,Pies & Quiches
Food,Vegetable-Based Sauces
Accessories,Personal Care
Food,Nut Snacks
Clothing,Dresses
Clothing,Swimwear Accessories
Food,Spice Blends
Pets,Cat Care
Office,Organizational Tools
Food,Meal Kits - Pasta
Crafts,Craft Supplies
Fitness,Bikes & Cycling Equipment
Food,Bean Salads
Sports,Soccer
Art,Drawing Supplies
Outdoor,Inflation Equipment
Baby,Safety Equipment
Food,Vinaigrettes
Clothing,Activewear Bras
Food,Bagels
Food,Fruit Dips
Electronics,Cleaning Supplies
Pets,Pet Hydration Supplies
Accessories,Travel Souvenirs
Food,Frozen Potato Products
Food,Frozen Meat Products
Clothing,Hats & Headwear
Food,Oatmeal
Food,Frozen Meat Meals
Food,Frozen Chicken Wings
Kitchen,Kitchen Gadget
Food,Frozen Vegetable Dishes
Clothing,Tank Tops
Food,Cottage Cheese
Food,Ground Meats
Kitchen,Food Storage & Organization
Food,Vegetable Dips
Toys,Tabletop Games
Food,Whole Grain Breads
Pets,Pet Technology
Food,Salad Mixes
Clothing,Bathrobes
